,Frame No,Car Details
0,1,"{'count': 1, 'Sedan': 1, 'black': 1, 'time': 0.9858122000000007}"
1,2,"{'count': 1, 'Sedan': 1, 'red': 1, 'time': 0.016864399999999335}"
2,3,"{'count': 1, 'Sedan': 1, 'black': 1, 'time': 0.01720089999999974}"
3,4,"{'count': 1, 'Sedan': 1, 'red': 1, 'time': 0.01580690000000029}"
4,5,"{'count': 1, 'Hatchback': 1, 'red': 1, 'time': 0.0166252999999994}"
5,6,"{'count': 1, 'Sedan': 1, 'red': 1, 'time': 0.017000499999999974}"
6,7,"{'count': 1, 'Sedan': 1, 'red': 1, 'time': 0.014878500000000017}"
7,8,"{'count': 1, 'Hatchback': 1, 'black': 1, 'time': 0.0166542999999999}"
8,9,"{'count': 1, 'Sedan': 1, 'red': 1, 'time': 0.014948699999999704}"
9,10,"{'count': 1, 'Sedan': 1, 'black': 1, 'time': 0.01625000000000032}"
10,11,"{'count': 1, 'Sedan': 1, 'red': 1, 'time': 0.01571750000000005}"
11,12,"{'count': 1, 'Sedan': 1, 'black': 1, 'time': 0.015347000000000222}"
12,13,"{'count': 1, 'Sedan': 1, 'red': 1, 'time': 0.016700400000000393}"
13,14,"{'count': 1, 'Sedan': 1, 'red': 1, 'time': 0.01714940000000098}"
14,15,"{'count': 1, 'Sedan': 1, 'black': 1, 'time': 0.01678229999999914}"
15,16,"{'count': 1, 'Sedan': 1, 'black': 1, 'time': 0.016765200000000036}"
16,17,"{'count': 1, 'Sedan': 1, 'black': 1, 'time': 0.016572800000000498}"
17,18,"{'count': 1, 'Sedan': 1, 'black': 1, 'time': 0.01617839999999937}"
18,19,"{'count': 1, 'Sedan': 1, 'black': 1, 'time': 0.01802759999999992}"
19,20,"{'count': 1, 'Sedan': 1, 'black': 1, 'time': 0.01566180000000017}"
20,21,"{'count': 1, 'Sedan': 1, 'black': 1, 'time': 0.015859899999998817}"
21,22,"{'count': 1, 'Sedan': 1, 'black': 1, 'time': 0.016076299999999932}"
22,54,"{'count': 1, 'Sedan': 1, 'red': 1, 'time': 0.016615899999999684}"
23,55,"{'count': 1, 'Sedan': 1, 'black': 1, 'time': 0.016413700000001086}"
24,56,"{'count': 1, 'Sedan': 1, 'black': 1, 'time': 0.01669189999999965}"
25,57,"{'count': 1, 'Sedan': 1, 'black': 1, 'time': 0.015444600000000364}"
26,58,"{'count': 1, 'Sedan': 1, 'black': 1, 'time': 0.017152499999999904}"
27,59,"{'count': 1, 'Sedan': 1, 'black': 1, 'time': 0.016093599999999597}"
28,60,"{'count': 1, 'Sedan': 1, 'black': 1, 'time': 0.016195300000001467}"
29,61,"{'count': 1, 'Sedan': 1, 'black': 1, 'time': 0.015930499999999626}"
30,62,"{'count': 1, 'Sedan': 1, 'black': 1, 'time': 0.016704499999999456}"
31,63,"{'count': 1, 'Sedan': 1, 'black': 1, 'time': 0.0179526999999986}"
32,64,"{'count': 1, 'Sedan': 1, 'black': 1, 'time': 0.015995199999998988}"
33,65,"{'count': 1, 'Sedan': 1, 'black': 1, 'time': 0.016357000000001065}"
34,66,"{'count': 1, 'Sedan': 1, 'black': 1, 'time': 0.017215199999998987}"
35,67,"{'count': 1, 'Sedan': 1, 'black': 1, 'time': 0.016353799999999197}"
36,68,"{'count': 1, 'Sedan': 1, 'black': 1, 'time': 0.015865400000000918}"
37,69,"{'count': 1, 'Sedan': 1, 'black': 1, 'time': 0.016133199999998737}"
38,70,"{'count': 1, 'Sedan': 1, 'black': 1, 'time': 0.019239999999999924}"
39,71,"{'count': 1, 'Sedan': 1, 'black': 1, 'time': 0.015232899999999105}"
40,72,"{'count': 1, 'Sedan': 1, 'black': 1, 'time': 0.015258899999999187}"
41,73,"{'count': 1, 'Sedan': 1, 'black': 1, 'time': 0.017962499999999437}"
42,74,"{'count': 1, 'Sedan': 1, 'black': 1, 'time': 0.01621909999999893}"
43,75,"{'count': 1, 'Sedan': 1, 'black': 1, 'time': 0.01577740000000105}"
44,76,"{'count': 1, 'Sedan': 1, 'black': 1, 'time': 0.01660819999999852}"
45,77,"{'count': 1, 'Sedan': 1, 'black': 1, 'time': 0.016193899999999317}"
46,78,"{'count': 1, 'Sedan': 1, 'black': 1, 'time': 0.01630480000000034}"
47,79,"{'count': 1, 'Sedan': 1, 'black': 1, 'time': 0.015623999999998972}"
48,80,"{'count': 1, 'Sedan': 1, 'black': 1, 'time': 0.01636030000000055}"
49,87,"{'count': 1, 'Sedan': 1, 'red': 1, 'time': 0.01524519999999896}"
50,88,"{'count': 1, 'Sedan': 1, 'red': 1, 'time': 0.016146100000000274}"
51,89,"{'count': 1, 'Hatchback': 1, 'red': 1, 'time': 0.01684619999999981}"
52,90,"{'count': 1, 'Hatchback': 1, 'red': 1, 'time': 0.01681740000000076}"
53,91,"{'count': 1, 'Hatchback': 1, 'red': 1, 'time': 0.01697279999999779}"
54,92,"{'count': 1, 'Sedan': 1, 'red': 1, 'time': 0.015040400000000176}"
55,93,"{'count': 1, 'Hatchback': 1, 'red': 1, 'time': 0.017057600000001116}"
56,94,"{'count': 1, 'Sedan': 1, 'red': 1, 'time': 0.015305899999997763}"
57,95,"{'count': 1, 'Sedan': 1, 'red': 1, 'time': 0.01745730000000023}"
58,96,"{'count': 1, 'Sedan': 1, 'red': 1, 'time': 0.018350800000000334}"
59,97,"{'count': 1, 'Sedan': 1, 'red': 1, 'time': 0.015744800000000225}"
60,98,"{'count': 1, 'Sedan': 1, 'red': 1, 'time': 0.016102599999999967}"
61,99,"{'count': 1, 'Sedan': 1, 'red': 1, 'time': 0.016235800000000467}"
62,100,"{'count': 1, 'Sedan': 1, 'red': 1, 'time': 0.015956000000002746}"
63,101,"{'count': 1, 'Sedan': 1, 'red': 1, 'time': 0.01533640000000247}"
64,102,"{'count': 1, 'Sedan': 1, 'red': 1, 'time': 0.017104599999999692}"
65,103,"{'count': 1, 'Sedan': 1, 'red': 1, 'time': 0.014839099999999661}"
66,104,"{'count': 1, 'Sedan': 1, 'red': 1, 'time': 0.014854299999999654}"
67,105,"{'count': 1, 'Sedan': 1, 'red': 1, 'time': 0.015213100000000424}"
68,106,"{'count': 1, 'Sedan': 1, 'red': 1, 'time': 0.01627690000000115}"
69,107,"{'count': 1, 'Sedan': 1, 'red': 1, 'time': 0.01657340000000218}"
70,108,"{'count': 1, 'Sedan': 1, 'red': 1, 'time': 0.01618750000000091}"
71,109,"{'count': 1, 'Sedan': 1, 'red': 1, 'time': 0.016708899999997584}"
72,110,"{'count': 1, 'Sedan': 1, 'red': 1, 'time': 0.01513050000000149}"
73,111,"{'count': 1, 'Sedan': 1, 'red': 1, 'time': 0.01591409999999982}"
74,112,"{'count': 1, 'Sedan': 1, 'red': 1, 'time': 0.015629399999998128}"
75,113,"{'count': 1, 'Sedan': 1, 'red': 1, 'time': 0.015020499999998549}"
76,136,"{'count': 1, 'Sedan': 1, 'red': 1, 'time': 0.015617200000001219}"
77,137,"{'count': 1, 'Sedan': 1, 'red': 1, 'time': 0.015391300000000996}"
78,138,"{'count': 1, 'Sedan': 1, 'red': 1, 'time': 0.017043499999999767}"
79,139,"{'count': 1, 'Sedan': 1, 'red': 1, 'time': 0.018306200000001382}"
80,140,"{'count': 1, 'Sedan': 1, 'red': 1, 'time': 0.01675170000000037}"
81,141,"{'count': 1, 'Sedan': 1, 'red': 1, 'time': 0.017439599999999444}"
82,142,"{'count': 1, 'Sedan': 1, 'red': 1, 'time': 0.015842599999999152}"
83,143,"{'count': 1, 'Sedan': 1, 'red': 1, 'time': 0.015558999999999656}"
84,144,"{'count': 1, 'Sedan': 1, 'red': 1, 'time': 0.015673899999999463}"
85,145,"{'count': 1, 'Sedan': 1, 'red': 1, 'time': 0.015248100000000875}"
86,146,"{'count': 1, 'Sedan': 1, 'red': 1, 'time': 0.023834499999999537}"
87,147,"{'count': 1, 'Sedan': 1, 'red': 1, 'time': 0.018491700000001998}"
88,148,"{'count': 1, 'Sedan': 1, 'red': 1, 'time': 0.01645510000000172}"
89,149,"{'count': 1, 'Hatchback': 1, 'red': 1, 'time': 0.01821520000000021}"
90,150,"{'count': 1, 'Sedan': 1, 'red': 1, 'time': 0.018844000000001415}"
91,151,"{'count': 1, 'Sedan': 1, 'red': 1, 'time': 0.017211100000000812}"
92,152,"{'count': 1, 'Sedan': 1, 'red': 1, 'time': 0.01584219999999803}"
93,153,"{'count': 1, 'Sedan': 1, 'red': 1, 'time': 0.015624299999998925}"
94,154,"{'count': 1, 'Sedan': 1, 'red': 1, 'time': 0.018191000000001623}"
95,155,"{'count': 1, 'Sedan': 1, 'red': 1, 'time': 0.015983200000000863}"
96,156,"{'count': 1, 'Sedan': 1, 'red': 1, 'time': 0.014952799999999655}"
97,157,"{'count': 1, 'Sedan': 1, 'red': 1, 'time': 0.015187099999998566}"
98,158,"{'count': 1, 'Sedan': 1, 'red': 1, 'time': 0.015859700000000032}"
99,159,"{'count': 1, 'Sedan': 1, 'red': 1, 'time': 0.01718569999999886}"
100,160,"{'count': 1, 'Sedan': 1, 'red': 1, 'time': 0.01570650000000029}"
101,161,"{'count': 1, 'Sedan': 1, 'red': 1, 'time': 0.015984699999997076}"
102,162,"{'count': 1, 'Sedan': 1, 'red': 1, 'time': 0.01674679999999995}"
103,164,"{'count': 1, 'Sedan': 1, 'red': 1, 'time': 0.015818799999998134}"
104,403,"{'count': 1, 'Sedan': 1, 'white': 1, 'time': 0.01710119999999904}"
105,404,"{'count': 1, 'Sedan': 1, 'white': 1, 'time': 0.015989699999998663}"
106,405,"{'count': 1, 'Hatchback': 1, 'white': 1, 'time': 0.01761369999999829}"
107,406,"{'count': 1, 'Hatchback': 1, 'white': 1, 'time': 0.018118600000001095}"
108,407,"{'count': 1, 'Hatchback': 1, 'white': 1, 'time': 0.016784900000004654}"
109,408,"{'count': 1, 'Hatchback': 1, 'white': 1, 'time': 0.018601300000000265}"
110,409,"{'count': 1, 'Hatchback': 1, 'white': 1, 'time': 0.01791350000000591}"
111,410,"{'count': 1, 'Hatchback': 1, 'white': 1, 'time': 0.01735479999999967}"
112,411,"{'count': 1, 'Hatchback': 1, 'white': 1, 'time': 0.01757870000000139}"
113,412,"{'count': 1, 'Hatchback': 1, 'white': 1, 'time': 0.01708569999999554}"
114,413,"{'count': 1, 'Hatchback': 1, 'white': 1, 'time': 0.016862700000004338}"
115,414,"{'count': 1, 'Hatchback': 1, 'white': 1, 'time': 0.01877749999999878}"
116,415,"{'count': 1, 'Hatchback': 1, 'white': 1, 'time': 0.017493899999998064}"
117,416,"{'count': 1, 'Sedan': 1, 'white': 1, 'time': 0.01716379999999873}"
118,417,"{'count': 1, 'Hatchback': 1, 'white': 1, 'time': 0.018803300000001855}"
119,418,"{'count': 1, 'Hatchback': 1, 'white': 1, 'time': 0.01731230000000039}"
120,419,"{'count': 1, 'Hatchback': 1, 'white': 1, 'time': 0.01753140000000286}"
121,420,"{'count': 1, 'Hatchback': 1, 'white': 1, 'time': 0.016820199999997953}"
122,423,"{'count': 1, 'Hatchback': 1, 'white': 1, 'time': 0.017865100000001632}"
123,430,"{'count': 1, 'Sedan': 1, 'white': 1, 'time': 0.016823699999996222}"
124,431,"{'count': 1, 'Sedan': 1, 'white': 1, 'time': 0.01671729999999627}"
125,495,"{'count': 1, 'Sedan': 1, 'white': 1, 'time': 0.0166248999999965}"
126,496,"{'count': 1, 'Sedan': 1, 'white': 1, 'time': 0.024306400000000394}"
127,497,"{'count': 1, 'Sedan': 1, 'white': 1, 'time': 0.028827099999993777}"
128,498,"{'count': 1, 'Hatchback': 1, 'white': 1, 'time': 0.019756299999997395}"
129,499,"{'count': 1, 'Hatchback': 1, 'white': 1, 'time': 0.01785160000000019}"
130,500,"{'count': 1, 'Hatchback': 1, 'white': 1, 'time': 0.026119899999997642}"
131,501,"{'count': 1, 'Hatchback': 1, 'white': 1, 'time': 0.017158000000002005}"
132,502,"{'count': 1, 'Hatchback': 1, 'white': 1, 'time': 0.017009300000005112}"
133,503,"{'count': 1, 'Hatchback': 1, 'white': 1, 'time': 0.021751300000005358}"
134,504,"{'count': 1, 'Hatchback': 1, 'white': 1, 'time': 0.019626800000004607}"
135,505,"{'count': 1, 'Hatchback': 1, 'white': 1, 'time': 0.017084600000004002}"
136,506,"{'count': 1, 'Hatchback': 1, 'white': 1, 'time': 0.018184699999999054}"
137,507,"{'count': 1, 'Hatchback': 1, 'white': 1, 'time': 0.02634830000000221}"
138,508,"{'count': 1, 'Hatchback': 1, 'white': 1, 'time': 0.02278570000000002}"
139,509,"{'count': 1, 'Hatchback': 1, 'white': 1, 'time': 0.029825700000003508}"
140,510,"{'count': 1, 'Hatchback': 1, 'white': 1, 'time': 0.025348300000004542}"
141,511,"{'count': 1, 'Hatchback': 1, 'white': 1, 'time': 0.016933899999997948}"
142,512,"{'count': 1, 'Hatchback': 1, 'white': 1, 'time': 0.025537599999999827}"
143,513,"{'count': 1, 'Hatchback': 1, 'red': 1, 'time': 0.016546600000005185}"
144,514,"{'count': 1, 'Hatchback': 1, 'white': 1, 'time': 0.017392000000000962}"
145,515,"{'count': 1, 'Hatchback': 1, 'white': 1, 'time': 0.030495399999999506}"
146,516,"{'count': 1, 'Hatchback': 1, 'white': 1, 'time': 0.017737100000005057}"
147,517,"{'count': 1, 'Hatchback': 1, 'white': 1, 'time': 0.01792199999999866}"
148,518,"{'count': 1, 'Sedan': 1, 'red': 1, 'time': 0.017002099999999132}"
149,519,"{'count': 1, 'Sedan': 1, 'white': 1, 'time': 0.024417300000003195}"
150,520,"{'count': 1, 'Sedan': 1, 'white': 1, 'time': 0.017390100000000075}"
151,521,"{'count': 1, 'Hatchback': 1, 'red': 1, 'time': 0.01800670000000082}"
152,522,"{'count': 1, 'Sedan': 1, 'red': 1, 'time': 0.018824299999998573}"
153,575,"{'count': 1, 'Sedan': 1, 'white': 1, 'time': 0.016633699999999862}"
154,576,"{'count': 1, 'Sedan': 1, 'white': 1, 'time': 0.017480599999998958}"
155,577,"{'count': 1, 'Sedan': 1, 'white': 1, 'time': 0.016200100000006046}"
156,578,"{'count': 1, 'Hatchback': 1, 'white': 1, 'time': 0.017763099999996257}"
157,580,"{'count': 1, 'Hatchback': 1, 'white': 1, 'time': 0.018041100000004917}"
158,581,"{'count': 1, 'Hatchback': 1, 'white': 1, 'time': 0.01727750000000583}"
159,582,"{'count': 1, 'Hatchback': 1, 'white': 1, 'time': 0.01730600000000493}"
160,583,"{'count': 1, 'Hatchback': 1, 'white': 1, 'time': 0.017371100000005413}"
161,584,"{'count': 1, 'Hatchback': 1, 'white': 1, 'time': 0.018379200000012474}"
162,585,"{'count': 1, 'Hatchback': 1, 'white': 1, 'time': 0.017352500000001214}"
163,586,"{'count': 1, 'Hatchback': 1, 'white': 1, 'time': 0.01832009999999684}"
164,587,"{'count': 1, 'Hatchback': 1, 'white': 1, 'time': 0.01715240000000051}"
165,588,"{'count': 1, 'Hatchback': 1, 'white': 1, 'time': 0.017451499999992848}"
166,589,"{'count': 1, 'Hatchback': 1, 'white': 1, 'time': 0.01813580000001025}"
167,590,"{'count': 1, 'Hatchback': 1, 'white': 1, 'time': 0.017262099999996394}"
168,591,"{'count': 1, 'Hatchback': 1, 'white': 1, 'time': 0.017283300000002555}"
169,592,"{'count': 1, 'Hatchback': 1, 'white': 1, 'time': 0.01772220000000857}"
170,593,"{'count': 1, 'Hatchback': 1, 'white': 1, 'time': 0.017993599999996945}"
171,594,"{'count': 1, 'Hatchback': 1, 'white': 1, 'time': 0.017836500000001365}"
172,595,"{'count': 1, 'Hatchback': 1, 'white': 1, 'time': 0.018415099999998574}"
173,596,"{'count': 1, 'Sedan': 1, 'white': 1, 'time': 0.016974999999987972}"
174,597,"{'count': 1, 'Hatchback': 1, 'white': 1, 'time': 0.01759649999999624}"
175,598,"{'count': 1, 'Sedan': 1, 'white': 1, 'time': 0.016449299999990785}"
176,599,"{'count': 1, 'Sedan': 1, 'white': 1, 'time': 0.017747799999995095}"
177,600,"{'count': 1, 'Sedan': 1, 'white': 1, 'time': 0.017448099999995748}"
178,601,"{'count': 1, 'Sedan': 1, 'white': 1, 'time': 0.016305399999993142}"
179,651,"{'count': 1, 'Sedan': 1, 'red': 1, 'time': 0.016538900000000467}"
180,652,"{'count': 1, 'Sedan': 1, 'red': 1, 'time': 0.016504999999995107}"
181,653,"{'count': 1, 'Sedan': 1, 'black': 1, 'time': 0.016908999999998287}"
182,654,"{'count': 1, 'Sedan': 1, 'black': 1, 'time': 0.017564700000008315}"
183,655,"{'count': 1, 'Sedan': 1, 'black': 1, 'time': 0.01710710000000404}"
184,656,"{'count': 1, 'Sedan': 1, 'black': 1, 'time': 0.016565200000002278}"
185,657,"{'count': 1, 'Sedan': 1, 'black': 1, 'time': 0.01619990000000371}"
186,658,"{'count': 1, 'Sedan': 1, 'black': 1, 'time': 0.01682689999999809}"
187,659,"{'count': 1, 'Sedan': 1, 'black': 1, 'time': 0.017452800000000934}"
188,660,"{'count': 1, 'Sedan': 1, 'red': 1, 'time': 0.017047199999993268}"
189,661,"{'count': 1, 'Sedan': 1, 'black': 1, 'time': 0.01812400000000025}"
190,662,"{'count': 1, 'Sedan': 1, 'black': 1, 'time': 0.017047499999989668}"
191,663,"{'count': 1, 'Sedan': 1, 'black': 1, 'time': 0.016872500000005175}"
192,664,"{'count': 1, 'Sedan': 1, 'black': 1, 'time': 0.016691699999995535}"
193,665,"{'count': 1, 'Sedan': 1, 'black': 1, 'time': 0.016832899999997153}"
194,666,"{'count': 1, 'Sedan': 1, 'black': 1, 'time': 0.017697200000000635}"
195,667,"{'count': 1, 'Sedan': 1, 'black': 1, 'time': 0.01647510000000807}"
196,668,"{'count': 1, 'Sedan': 1, 'red': 1, 'time': 0.029241999999996438}"
197,669,"{'count': 1, 'Sedan': 1, 'black': 1, 'time': 0.016658400000011397}"
198,670,"{'count': 1, 'Sedan': 1, 'red': 1, 'time': 0.01647229999998956}"
199,671,"{'count': 1, 'Sedan': 1, 'black': 1, 'time': 0.020076899999992293}"
200,672,"{'count': 1, 'Sedan': 1, 'black': 1, 'time': 0.01691759999999931}"
201,673,"{'count': 1, 'Sedan': 1, 'black': 1, 'time': 0.01659039999999834}"
202,674,"{'count': 1, 'Sedan': 1, 'black': 1, 'time': 0.01645960000000457}"
203,675,"{'count': 1, 'Sedan': 1, 'black': 1, 'time': 0.017282200000011017}"
204,676,"{'count': 1, 'Sedan': 1, 'black': 1, 'time': 0.0173896999999954}"
205,677,"{'count': 1, 'Sedan': 1, 'black': 1, 'time': 0.01672090000000992}"
206,678,"{'count': 1, 'Sedan': 1, 'black': 1, 'time': 0.017627399999994964}"
207,679,"{'count': 1, 'Sedan': 1, 'red': 1, 'time': 0.01633049999999514}"
208,801,"{'count': 1, 'Sedan': 1, 'red': 1, 'time': 0.016642899999993688}"
209,802,"{'count': 1, 'Sedan': 1, 'red': 1, 'time': 0.016618600000001038}"
210,803,"{'count': 1, 'Hatchback': 1, 'red': 1, 'time': 0.018926800000002686}"
211,804,"{'count': 1, 'Sedan': 1, 'red': 1, 'time': 0.018146500000000287}"
212,805,"{'count': 1, 'Hatchback': 1, 'red': 1, 'time': 0.01777729999999167}"
213,806,"{'count': 1, 'Sedan': 1, 'black': 1, 'time': 0.017568699999998216}"
214,807,"{'count': 1, 'Sedan': 1, 'red': 1, 'time': 0.017532299999999168}"
215,808,"{'count': 1, 'Sedan': 1, 'red': 1, 'time': 0.016407499999999686}"
216,809,"{'count': 1, 'Sedan': 1, 'red': 1, 'time': 0.018519099999991795}"
217,810,"{'count': 1, 'Sedan': 1, 'red': 1, 'time': 0.016632600000008324}"
218,811,"{'count': 1, 'Sedan': 1, 'red': 1, 'time': 0.02038190000000384}"
219,812,"{'count': 1, 'Hatchback': 1, 'red': 1, 'time': 0.01708680000000129}"
220,813,"{'count': 1, 'Sedan': 1, 'black': 1, 'time': 0.01642030000000716}"
221,814,"{'count': 1, 'Sedan': 1, 'red': 1, 'time': 0.01710060000000624}"
222,815,"{'count': 1, 'Sedan': 1, 'red': 1, 'time': 0.018142800000006787}"
223,816,"{'count': 1, 'Sedan': 1, 'red': 1, 'time': 0.017313799999996604}"
224,817,"{'count': 1, 'Sedan': 1, 'red': 1, 'time': 0.01712159999999585}"
225,818,"{'count': 1, 'Sedan': 1, 'black': 1, 'time': 0.016998000000000957}"
226,819,"{'count': 1, 'Sedan': 1, 'red': 1, 'time': 0.016389700000004837}"
227,820,"{'count': 1, 'Sedan': 1, 'red': 1, 'time': 0.01727410000000873}"
228,821,"{'count': 1, 'Sedan': 1, 'black': 1, 'time': 0.017184699999987174}"
229,822,"{'count': 1, 'Sedan': 1, 'black': 1, 'time': 0.018703500000000872}"
230,823,"{'count': 1, 'Sedan': 1, 'black': 1, 'time': 0.01687409999999545}"
231,824,"{'count': 1, 'Sedan': 1, 'black': 1, 'time': 0.01650990000000263}"
232,825,"{'count': 1, 'Sedan': 1, 'red': 1, 'time': 0.016854399999999714}"
233,841,"{'count': 1, 'Hatchback': 1, 'red': 1, 'time': 0.0161453999999992}"
234,844,"{'count': 1, 'Sedan': 1, 'black': 1, 'time': 0.015975499999996146}"
235,847,"{'count': 1, 'Sedan': 1, 'black': 1, 'time': 0.01730100000000334}"
236,848,"{'count': 1, 'Sedan': 1, 'black': 1, 'time': 0.01707269999999994}"
237,850,"{'count': 1, 'Sedan': 1, 'black': 1, 'time': 0.01656640000000209}"
238,851,"{'count': 1, 'Sedan': 1, 'black': 1, 'time': 0.017150899999990088}"
239,852,"{'count': 1, 'Sedan': 1, 'black': 1, 'time': 0.01832459999999969}"
240,854,"{'count': 1, 'Sedan': 1, 'black': 1, 'time': 0.01660739999999805}"
241,855,"{'count': 1, 'Sedan': 1, 'black': 1, 'time': 0.020873499999993328}"
242,856,"{'count': 1, 'Sedan': 1, 'black': 1, 'time': 0.01711219999999969}"
243,857,"{'count': 1, 'Sedan': 1, 'black': 1, 'time': 0.016976499999998396}"
244,858,"{'count': 1, 'Sedan': 1, 'black': 1, 'time': 0.017988299999998958}"
245,874,"{'count': 1, 'Sedan': 1, 'red': 1, 'time': 0.017656899999991538}"
246,875,"{'count': 1, 'Sedan': 1, 'red': 1, 'time': 0.016425799999993274}"
247,877,"{'count': 1, 'Sedan': 1, 'red': 1, 'time': 0.016335400000002664}"
248,878,"{'count': 1, 'Hatchback': 1, 'red': 1, 'time': 0.0166435000000007}"
249,879,"{'count': 1, 'Sedan': 1, 'black': 1, 'time': 0.018178299999988212}"
250,880,"{'count': 1, 'Sedan': 1, 'red': 1, 'time': 0.01724160000000552}"
251,881,"{'count': 1, 'Sedan': 1, 'red': 1, 'time': 0.016475300000010407}"
252,882,"{'count': 1, 'Hatchback': 1, 'red': 1, 'time': 0.01814599999998734}"
253,883,"{'count': 1, 'Sedan': 1, 'black': 1, 'time': 0.01627479999999082}"
254,884,"{'count': 1, 'Sedan': 1, 'black': 1, 'time': 0.01945639999999571}"
255,885,"{'count': 1, 'Sedan': 1, 'black': 1, 'time': 0.01725940000000037}"
256,886,"{'count': 1, 'Sedan': 1, 'black': 1, 'time': 0.01793130000000076}"
257,887,"{'count': 1, 'Sedan': 1, 'red': 1, 'time': 0.0171574000000021}"
258,888,"{'count': 1, 'Sedan': 1, 'black': 1, 'time': 0.016855500000005463}"
259,889,"{'count': 1, 'Sedan': 1, 'black': 1, 'time': 0.017370200000002}"
260,890,"{'count': 1, 'Sedan': 1, 'red': 1, 'time': 0.016765399999997044}"
261,891,"{'count': 1, 'Sedan': 1, 'red': 1, 'time': 0.016830699999999865}"
262,892,"{'count': 1, 'Sedan': 1, 'red': 1, 'time': 0.01681190000000754}"
263,893,"{'count': 1, 'Sedan': 1, 'black': 1, 'time': 0.01747500000000457}"
264,894,"{'count': 1, 'Sedan': 1, 'black': 1, 'time': 0.017158999999992375}"
265,895,"{'count': 1, 'Sedan': 1, 'black': 1, 'time': 0.017104500000002076}"
266,896,"{'count': 1, 'Sedan': 1, 'black': 1, 'time': 0.017277599999999893}"
267,897,"{'count': 1, 'Sedan': 1, 'black': 1, 'time': 0.017027699999999868}"
268,898,"{'count': 1, 'Sedan': 1, 'red': 1, 'time': 0.01902950000000203}"
269,931,"{'count': 1, 'Sedan': 1, 'red': 1, 'time': 0.016436799999993923}"
270,932,"{'count': 1, 'Sedan': 1, 'red': 1, 'time': 0.01698739999999077}"
271,933,"{'count': 1, 'Sedan': 1, 'red': 1, 'time': 0.016363699999999426}"
272,934,"{'count': 1, 'Hatchback': 1, 'red': 1, 'time': 0.017259500000008643}"
273,935,"{'count': 1, 'Hatchback': 1, 'red': 1, 'time': 0.016952500000002146}"
274,936,"{'count': 1, 'Hatchback': 1, 'red': 1, 'time': 0.017233099999998558}"
275,937,"{'count': 1, 'Hatchback': 1, 'red': 1, 'time': 0.017091800000002877}"
276,938,"{'count': 1, 'Hatchback': 1, 'red': 1, 'time': 0.017100299999995627}"
277,939,"{'count': 1, 'Hatchback': 1, 'red': 1, 'time': 0.017652200000000562}"
278,940,"{'count': 1, 'Hatchback': 1, 'red': 1, 'time': 0.016982600000005732}"
279,941,"{'count': 1, 'Sedan': 1, 'red': 1, 'time': 0.01955270000000553}"
280,942,"{'count': 2, 'Hatchback': 1, 'red': 1, 'time': 0.019135599999998476}"
281,943,"{'count': 2, 'Hatchback': 1, 'red': 1, 'time': 0.01749390000000517}"
282,944,"{'count': 2, 'Hatchback': 1, 'red': 1, 'time': 0.018503600000002507}"
283,945,"{'count': 2, 'Hatchback': 1, 'red': 1, 'time': 0.01886650000000145}"
284,946,"{'count': 2, 'Hatchback': 1, 'red': 1, 'time': 0.01682040000000029}"
285,947,"{'count': 2, 'Hatchback': 1, 'red': 1, 'time': 0.017737400000001458}"
286,948,"{'count': 2, 'Hatchback': 1, 'red': 1, 'time': 0.01847209999999677}"
287,949,"{'count': 2, 'Sedan': 1, 'red': 1, 'time': 0.01672290000000487}"
288,950,"{'count': 2, 'Sedan': 1, 'white': 1, 'time': 0.017764499999998407}"
289,951,"{'count': 2, 'Hatchback': 1, 'red': 1, 'time': 0.019063500000001454}"
290,952,"{'count': 2, 'Hatchback': 1, 'red': 1, 'time': 0.017606499999999414}"
291,953,"{'count': 2, 'Sedan': 1, 'red': 1, 'time': 0.018316200000001004}"
292,954,"{'count': 2, 'Sedan': 1, 'red': 1, 'time': 0.017548699999991868}"
293,955,"{'count': 2, 'Sedan': 1, 'red': 1, 'time': 0.016870499999996014}"
294,956,"{'count': 2, 'Sedan': 1, 'red': 1, 'time': 0.01765839999998775}"
295,957,"{'count': 2, 'Sedan': 1, 'red': 1, 'time': 0.017571700000004853}"
296,958,"{'count': 2, 'Sedan': 1, 'white': 1, 'time': 0.01896840000000566}"
297,959,"{'count': 1, 'Sedan': 1, 'white': 1, 'time': 0.016651899999999387}"
298,960,"{'count': 1, 'Sedan': 1, 'white': 1, 'time': 0.016574199999993766}"
299,961,"{'count': 1, 'Sedan': 1, 'white': 1, 'time': 0.017124300000006087}"
300,962,"{'count': 1, 'Sedan': 1, 'white': 1, 'time': 0.016573399999998628}"
301,963,"{'count': 1, 'Sedan': 1, 'white': 1, 'time': 0.018118400000005863}"
302,1041,"{'count': 1, 'Sedan': 1, 'red': 1, 'time': 0.01645590000001107}"
303,1043,"{'count': 1, 'Sedan': 1, 'black': 1, 'time': 0.016977300000007745}"
304,1044,"{'count': 1, 'Sedan': 1, 'black': 1, 'time': 0.017876700000002188}"
305,1045,"{'count': 1, 'Sedan': 1, 'black': 1, 'time': 0.017075300000001903}"
306,1046,"{'count': 1, 'Sedan': 1, 'black': 1, 'time': 0.01745750000000612}"
307,1047,"{'count': 1, 'Sedan': 1, 'black': 1, 'time': 0.017895499999994513}"
308,1048,"{'count': 1, 'Sedan': 1, 'black': 1, 'time': 0.019446700000003148}"
309,1049,"{'count': 1, 'Sedan': 1, 'black': 1, 'time': 0.017302499999999554}"
310,1050,"{'count': 1, 'Sedan': 1, 'black': 1, 'time': 0.016846999999998502}"
311,1051,"{'count': 1, 'Sedan': 1, 'black': 1, 'time': 0.017681699999997136}"
312,1052,"{'count': 1, 'Sedan': 1, 'black': 1, 'time': 0.017042399999994018}"
313,1053,"{'count': 1, 'Sedan': 1, 'black': 1, 'time': 0.01689019999999175}"
314,1054,"{'count': 1, 'Sedan': 1, 'black': 1, 'time': 0.016850399999995602}"
315,1055,"{'count': 1, 'Sedan': 1, 'black': 1, 'time': 0.01782869999999548}"
316,1056,"{'count': 1, 'Sedan': 1, 'black': 1, 'time': 0.018574400000005653}"
317,1057,"{'count': 1, 'Sedan': 1, 'black': 1, 'time': 0.017234999999999445}"
318,1058,"{'count': 1, 'Sedan': 1, 'black': 1, 'time': 0.017453299999999672}"
319,1059,"{'count': 1, 'Sedan': 1, 'black': 1, 'time': 0.016333400000007714}"
320,1060,"{'count': 1, 'Sedan': 1, 'black': 1, 'time': 0.017097199999994928}"
321,1061,"{'count': 1, 'Hatchback': 1, 'black': 1, 'time': 0.017199599999997872}"
322,1062,"{'count': 1, 'Sedan': 1, 'black': 1, 'time': 0.016873699999990777}"
323,1063,"{'count': 1, 'Hatchback': 1, 'black': 1, 'time': 0.01740999999999815}"
324,1064,"{'count': 1, 'Hatchback': 1, 'black': 1, 'time': 0.019136700000004225}"
325,1065,"{'count': 1, 'Sedan': 1, 'black': 1, 'time': 0.016369000000011624}"
326,1112,"{'count': 1, 'Sedan': 1, 'red': 1, 'time': 0.027491100000005986}"
327,1113,"{'count': 1, 'Sedan': 1, 'red': 1, 'time': 0.016450100000000134}"
328,1114,"{'count': 1, 'Sedan': 1, 'red': 1, 'time': 0.016534100000001217}"
329,1115,"{'count': 1, 'Hatchback': 1, 'red': 1, 'time': 0.016742800000002944}"
330,1116,"{'count': 1, 'Hatchback': 1, 'red': 1, 'time': 0.02592260000000124}"
331,1117,"{'count': 1, 'Hatchback': 1, 'red': 1, 'time': 0.018902199999999425}"
332,1118,"{'count': 1, 'Hatchback': 1, 'red': 1, 'time': 0.01681500000000824}"
333,1119,"{'count': 1, 'Sedan': 1, 'red': 1, 'time': 0.016285499999995068}"
334,1120,"{'count': 1, 'Hatchback': 1, 'red': 1, 'time': 0.01677769999999157}"
335,1121,"{'count': 1, 'Hatchback': 1, 'red': 1, 'time': 0.024772599999991485}"
336,1122,"{'count': 1, 'Sedan': 1, 'red': 1, 'time': 0.026093099999997094}"
337,1123,"{'count': 1, 'Hatchback': 1, 'red': 1, 'time': 0.019367799999997715}"
338,1124,"{'count': 1, 'Hatchback': 1, 'red': 1, 'time': 0.017333399999984067}"
339,1125,"{'count': 1, 'Hatchback': 1, 'red': 1, 'time': 0.01745860000002608}"
340,1126,"{'count': 1, 'Hatchback': 1, 'red': 1, 'time': 0.01700030000000652}"
341,1127,"{'count': 1, 'Hatchback': 1, 'red': 1, 'time': 0.0166336000000058}"
342,1128,"{'count': 1, 'Sedan': 1, 'red': 1, 'time': 0.025652100000002065}"
343,1129,"{'count': 1, 'Sedan': 1, 'red': 1, 'time': 0.017195799999996098}"
344,1130,"{'count': 1, 'Sedan': 1, 'red': 1, 'time': 0.01692180000000576}"
345,1131,"{'count': 1, 'Sedan': 1, 'red': 1, 'time': 0.01680170000000203}"
346,1132,"{'count': 1, 'Sedan': 1, 'red': 1, 'time': 0.016503899999975147}"
347,1133,"{'count': 1, 'Sedan': 1, 'red': 1, 'time': 0.023515599999996084}"
348,1134,"{'count': 1, 'Sedan': 1, 'red': 1, 'time': 0.027519899999987274}"
349,1135,"{'count': 1, 'Sedan': 1, 'red': 1, 'time': 0.01657370000000924}"
350,1136,"{'count': 1, 'Sedan': 1, 'red': 1, 'time': 0.01780449999998268}"
351,1137,"{'count': 1, 'Sedan': 1, 'red': 1, 'time': 0.016478100000000495}"
352,1138,"{'count': 1, 'Sedan': 1, 'red': 1, 'time': 0.017701200000004746}"
353,1139,"{'count': 1, 'Sedan': 1, 'red': 1, 'time': 0.017458699999991723}"
354,1437,"{'count': 1, 'Sedan': 1, 'red': 1, 'time': 0.017010999999996557}"
355,1438,"{'count': 1, 'Sedan': 1, 'red': 1, 'time': 0.016967199999982086}"
356,1439,"{'count': 1, 'Sedan': 1, 'red': 1, 'time': 0.016359499999992977}"
357,1440,"{'count': 1, 'Sedan': 1, 'red': 1, 'time': 0.01650059999997211}"
358,1441,"{'count': 1, 'Sedan': 1, 'black': 1, 'time': 0.017951199999998835}"
359,1442,"{'count': 1, 'Sedan': 1, 'red': 1, 'time': 0.016771700000020928}"
360,1443,"{'count': 1, 'Sedan': 1, 'red': 1, 'time': 0.01679189999998698}"
361,1444,"{'count': 1, 'Sedan': 1, 'red': 1, 'time': 0.01695939999999041}"
362,1445,"{'count': 1, 'Sedan': 1, 'red': 1, 'time': 0.017345199999994065}"
363,1446,"{'count': 1, 'Sedan': 1, 'red': 1, 'time': 0.016378900000006524}"
364,1447,"{'count': 1, 'Sedan': 1, 'black': 1, 'time': 0.01667059999999765}"
365,1448,"{'count': 1, 'Sedan': 1, 'red': 1, 'time': 0.016745099999980084}"
366,1449,"{'count': 1, 'Sedan': 1, 'red': 1, 'time': 0.01707659999999578}"
367,1450,"{'count': 1, 'Sedan': 1, 'red': 1, 'time': 0.018958600000019032}"
368,1451,"{'count': 1, 'Sedan': 1, 'red': 1, 'time': 0.018148899999999912}"
369,1452,"{'count': 1, 'Sedan': 1, 'red': 1, 'time': 0.015897499999994125}"
370,1453,"{'count': 1, 'Sedan': 1, 'black': 1, 'time': 0.016257400000000644}"
371,1454,"{'count': 1, 'Sedan': 1, 'black': 1, 'time': 0.016711999999984073}"
372,1455,"{'count': 1, 'Sedan': 1, 'black': 1, 'time': 0.017420000000015534}"
373,1456,"{'count': 1, 'Sedan': 1, 'black': 1, 'time': 0.016879299999999375}"
374,1457,"{'count': 1, 'Sedan': 1, 'black': 1, 'time': 0.017797199999989743}"
375,1458,"{'count': 1, 'Sedan': 1, 'red': 1, 'time': 0.016463700000002746}"
376,1470,"{'count': 1, 'Hatchback': 1, 'white': 1, 'time': 0.01792640000002166}"
377,1472,"{'count': 1, 'Hatchback': 1, 'white': 1, 'time': 0.018766900000002806}"
378,1473,"{'count': 1, 'Sedan': 1, 'white': 1, 'time': 0.016951099999999997}"
379,1475,"{'count': 1, 'Hatchback': 1, 'white': 1, 'time': 0.01712129999998524}"
380,1476,"{'count': 1, 'Hatchback': 1, 'white': 1, 'time': 0.01657199999999648}"
381,1477,"{'count': 1, 'Sedan': 1, 'white': 1, 'time': 0.01633100000000809}"
382,1479,"{'count': 1, 'Hatchback': 1, 'white': 1, 'time': 0.01685590000002435}"
383,1480,"{'count': 1, 'Hatchback': 1, 'white': 1, 'time': 0.017441899999994348}"
384,1481,"{'count': 1, 'Hatchback': 1, 'white': 1, 'time': 0.01867749999999546}"
385,1482,"{'count': 1, 'Hatchback': 1, 'white': 1, 'time': 0.016398700000024746}"
386,1483,"{'count': 1, 'Hatchback': 1, 'white': 1, 'time': 0.01719529999999736}"
387,1484,"{'count': 1, 'Sedan': 1, 'white': 1, 'time': 0.016902499999986276}"
